Renk,Materyal,Kullanım Alanı,Topuk Boyu,price
12,20,4,0,239.20
3,22,1,0,369
12,25,4,2,219
12,20,4,0,490
17,25,4,2,259
12,25,4,0,216
1,25,3,0,374.29
12,6,4,0,899.90
12,19,3,0,245
12,25,3,2,366
12,16,3,2,379.99
0,25,4,0,749.99
1,25,1,0,599.99
3,22,1,0,319.93
12,6,4,0,799.90
12,20,4,0,440
1,22,3,0,556.95
12,16,3,0,269
1,19,3,0,203
12,25,4,2,1.099
1,23,1,0,192
1,20,1,0,376.96
12,25,4,0,215
12,7,4,0,449.21
17,25,4,2,149.90
3,22,1,0,399.99
1,25,3,2,379.99
12,20,4,0,490
8,22,3,2,179.90
6,20,4,0,228
6,25,4,0,499.99
12,6,4,0,899.90
1,25,1,0,399.99
6,25,4,0,499.99
12,25,4,0,889.99
0,25,4,0,749.99
8,22,3,2,199.90
17,25,4,2,377
3,25,4,0,552.76
12,20,4,0,440
12,25,3,0,599.90
12,20,1,0,524.95
0,25,4,0,499
12,25,4,0,699.99
12,20,1,0,385.36
1,16,1,0,300
12,25,1,0,486.55
12,25,4,2,1.099
17,25,4,2,699.99
12,25,4,0,599
8,20,1,0,399.92
12,20,4,0,490
1,20,4,0,169.99
12,20,3,0,386.29
17,25,4,2,470.24
12,6,4,0,899.90
6,25,4,0,499.99
12,6,4,0,612.33
6,22,1,0,220
0,25,4,0,749.99
1,20,1,0,265
12,25,3,0,599.99
12,20,4,0,449.90
12,25,4,2,1.099
12,25,3,0,599.90
17,25,4,2,370.95
12,25,4,0,486.55
17,25,4,2,449.21
14,22,1,0,369
12,25,4,0,3.149
1,24,1,0,384
12,6,4,2,899.90
12,25,4,0,919.95
12,6,4,0,599.90
12,20,4,0,233.56
12,20,4,0,490
12,20,3,0,489.90
12,23,3,0,260.21
0,25,3,0,1.919
12,6,4,0,899.90
12,22,1,0,300
12,6,4,0,499.90
12,25,4,0,449
0,25,4,0,749.99
6,20,4,0,223.82
12,20,1,0,682.95
12,20,3,2,749
12,25,4,2,1.099
17,25,4,2,486.55
8,12,1,0,340
12,20,3,0,799
12,7,4,0,449.21
2,16,3,0,620
12,6,4,0,699.90
8,25,3,0,599.99
12,6,4,2,899.90
17,25,4,2,229
1,25,4,0,539.93
1,25,4,0,819
12,20,4,0,490
12,6,4,0,548.80
1,25,3,0,389
1,16,1,0,285
12,6,4,0,899.90
12,8,3,0,369
12,11,1,0,639.90
17,25,4,2,285.83
0,25,4,0,749.99
1,20,1,0,309
1,20,1,0,299.99
12,6,2,0,1.334
17,25,4,2,1.099
12,25,4,0,699.99
12,6,2,0,1.334
12,25,3,0,527
12,7,4,0,449.21
12,6,4,0,829.90
12,20,4,0,169.99
12,20,1,0,527
17,25,4,2,899.90
1,25,1,2,820
0,25,4,0,2.849
12,6,4,0,799.98
12,20,4,0,490
12,25,1,0,329
12,25,4,0,549.99
3,25,4,0,359
12,6,4,0,899.90
1,20,1,0,202
12,25,3,0,889.99
12,25,4,0,934.99
0,25,4,0,749.99
12,25,4,0,3.374
12,25,4,0,1.057
12,15,3,0,1.198
12,25,4,2,1.099
17,25,4,2,486.55
12,6,3,0,1.049
1,11,1,0,224
12,7,4,0,449.21
12,25,4,0,3.224
12,22,3,0,363.99
12,22,3,2,179.90
12,6,4,2,899.90
12,25,1,2,249.90
12,6,4,0,799.98
12,20,4,0,490
12,5,1,0,249
12,22,1,0,1.377
12,6,4,0,899.90
17,25,4,2,399.90
1,16,3,0,440
0,25,4,0,749.99
12,22,3,0,1.626
12,25,4,0,569.90
12,25,4,2,1.099
17,25,4,2,2.549
12,6,4,0,799.90
12,7,4,0,449.21
12,25,1,0,1.561
16,14,3,0,769
12,6,4,2,899.90
11,22,4,2,458
1,20,1,0,377
8,6,1,0,1.199
6,25,4,0,349.99
17,25,4,2,210
6,6,4,2,1.325
0,25,4,0,349.99
17,25,4,2,377.77
12,20,4,0,490
12,25,3,0,924.99
12,25,4,0,2.849
12,6,4,0,899.90
12,9,3,0,489
8,20,1,0,624.95
0,25,4,0,749.99
12,22,1,0,249.90
12,25,4,0,3.224
12,25,4,2,1.099
12,25,2,0,1.200
1,20,3,0,474.21
12,7,4,0,449.21
17,25,4,2,679.95
17,25,4,2,216
12,6,4,2,899.90
12,20,3,0,386.29
12,25,4,0,839.18
8,6,1,0,1.199
17,25,4,2,279.99
12,25,1,2,549.41
11,25,1,0,569.90
12,16,3,2,357
12,25,3,0,389
17,25,4,2,490
11,22,1,0,369
12,20,4,2,259.90
12,6,4,0,899.90
12,25,4,0,2.249
1,22,1,0,1.032
0,25,4,0,749.99
1,16,3,0,469.95
3,16,1,0,720
12,25,4,2,1.099
17,25,4,2,502
12,20,3,2,489.99
12,7,4,0,449.21
1,22,3,0,250
2,16,3,0,790
12,6,4,2,899.90
9,25,4,0,299
6,20,1,0,399.92
8,6,1,0,1.199
8,25,4,0,399.99
12,16,3,0,1.079
17,25,4,2,569.90
12,25,4,0,549.99
12,25,3,2,999
12,20,4,0,490
1,25,3,0,1.201
1,20,1,0,267
12,6,4,0,899.90
12,25,3,0,399.99
12,22,1,0,599
0,25,4,0,749.99
12,25,1,2,814.95
1,25,1,2,527
12,25,4,2,1.099
1,16,3,0,538.20
1,25,4,2,799
12,7,4,0,449.21
12,25,4,0,699.99
3,22,3,0,377.77
12,6,4,2,899.90
12,22,3,0,949
1,25,0,0,527.65
8,6,1,0,1.199
1,25,4,0,889.99
8,15,3,0,1.198
11,25,1,0,569.90
12,25,3,0,899
12,6,4,0,685.91
12,20,4,0,490
12,22,3,0,510.95
0,23,1,0,379.90
12,6,4,0,899.90
3,16,3,1,890
12,6,4,0,799.90
0,25,4,0,749.99
16,25,3,1,81.307
12,20,4,0,169.99
12,25,4,0,699.99
1,25,1,0,550
1,25,1,2,527
12,25,4,2,1.099
1,25,3,0,1.143
12,22,3,0,759.95
12,7,4,0,449.21
12,6,4,0,546.90
12,6,4,0,849.99
12,6,4,2,899.90
12,16,3,0,527.85
1,25,4,0,885
8,6,1,0,1.199
1,15,1,0,599.99
12,25,4,0,399.99
12,20,4,0,490
1,25,1,0,1.561
12,25,3,0,527
12,6,4,0,899.90
1,20,3,0,489.99
12,20,4,0,250
0,25,4,0,749.99
12,22,3,0,712.28
12,6,4,2,725
12,25,4,0,699.99
17,25,4,2,626.95
1,20,0,0,1.433
12,25,4,2,1.099
17,25,4,2,404.95
16,3,4,0,949
12,7,4,0,449.21
17,25,4,2,599.99
12,20,3,0,569
12,6,4,2,899.90
17,25,4,2,338.95
15,11,1,0,699.90
17,25,4,2,1.199
12,25,4,0,499.99
1,25,4,2,887
12,20,4,0,490
12,25,3,2,2.399
1,25,4,0,429
12,6,4,0,899.90
1,16,3,0,188
3,22,3,0,390.19
0,25,4,0,749.99
12,6,4,2,479.90
12,25,3,0,1.646
12,25,4,0,699.99
12,25,1,0,299.90
1,20,3,0,199
12,25,4,2,1.099
8,25,4,0,808
3,22,3,0,944.95
12,7,4,0,449.21
12,25,3,2,699.90
16,25,3,0,1.144
17,25,4,2,899.90
11,3,2,0,249.99
12,6,3,0,1.399
8,6,1,0,1.199
12,6,4,0,695
12,23,3,0,749.99
12,20,4,0,490
12,22,3,0,671.95
12,6,4,0,799.99
12,6,4,0,899.90
1,25,4,0,389
12,25,4,2,790
0,25,4,0,749.99
3,25,4,0,499
1,22,1,0,1.259
12,25,4,0,699.99
1,20,1,0,702.95
12,17,1,0,2.119
12,25,4,2,1.099
1,20,3,0,600.30
1,25,3,2,463
12,7,4,0,449.21
17,25,4,2,364.51
1,25,3,2,1.499
12,6,4,2,899.90
8,8,3,0,365.50
3,25,1,0,1.393
17,25,4,2,569.90
17,25,4,2,496.80
15,22,3,2,725
12,20,4,0,490
8,25,3,0,874.99
17,25,4,2,399.99
12,6,4,0,899.90
12,22,2,1,380
12,19,1,0,299
0,25,4,0,749.99
1,25,3,0,874.99
8,16,3,0,1.079
17,25,4,2,699.99
8,22,2,0,3.699
11,25,1,0,385.35
12,25,4,2,1.099
1,16,3,1,890
12,25,3,0,1.678
12,7,4,0,449.21
12,20,4,0,369.90
17,25,4,2,634
12,6,4,2,899.90
3,25,4,0,784.43
12,25,3,0,668.03
8,6,1,0,1.199
12,25,3,0,443.40
1,25,3,0,950
12,20,4,0,490
12,25,0,0,1.549
1,22,3,0,390.19
12,6,4,0,899.90
6,25,4,0,649.99
1,8,3,0,366.20
0,25,4,0,749.99
8,25,4,0,399.99
12,25,4,0,429.90
12,25,4,0,699.99
1,25,2,0,2.099
1,16,3,2,620
12,25,4,2,1.099
12,25,1,0,534
8,22,3,2,590
12,7,4,0,449.21
17,25,4,2,1.249
1,22,3,0,573.99
12,6,4,2,899.90
12,25,4,0,442.22
17,25,4,2,873
11,25,1,0,569.90
12,6,4,0,1.799
17,25,4,2,1.648
12,20,4,0,490
12,25,1,0,1.597
1,25,3,0,2.474
12,6,4,0,899.90
16,22,3,0,572.95
12,6,4,2,440
0,25,4,0,749.99
3,20,3,0,875.95
12,22,3,0,1.999
12,25,4,0,699.99
12,25,1,0,399.90
1,6,2,0,1.334
12,25,4,2,1.099
12,6,4,0,661.11
1,25,4,2,477
17,25,4,2,449.21
12,20,3,0,623
8,25,4,0,399.99
12,6,4,2,899.90
17,25,4,2,1.899
12,25,3,2,799
11,25,1,0,569.90
12,6,4,0,759.99
12,1,3,0,1.399
12,20,4,0,490
1,25,4,2,1.847
12,16,4,0,328
12,6,4,0,899.90
12,22,3,0,1.990
0,25,4,0,3.749
0,25,4,0,749.99
8,25,1,0,796.13
3,20,1,0,692.95
12,25,4,0,699.99
0,25,3,0,2.879
1,16,3,0,527.85
12,25,4,2,1.099
1,22,3,0,7.200
12,25,4,0,2.624
12,7,4,0,449.21
12,6,1,0,1.799
17,25,4,2,387
12,6,4,2,899.90
12,22,4,0,888
17,25,4,2,34.450
11,25,1,0,569.90
12,16,3,2,527
1,25,4,0,285.83
12,20,4,0,490
3,8,3,0,369
12,2,1,0,1.399
12,6,4,0,899.90
8,6,2,0,1.334
9,20,1,0,399.92
12,25,4,0,699.99
1,8,3,0,365.60
1,25,3,2,599.90
17,25,4,2,1.099
3,25,1,2,749.99
12,22,3,0,608.95
12,7,4,0,449.21
12,20,4,2,449.90
12,16,3,2,877
17,25,4,2,899.90
4,22,1,0,880
0,22,3,0,1.393
8,6,1,0,1.199
1,22,3,0,198
12,22,1,0,349
6,6,4,2,1.325
3,25,2,0,759
12,22,1,0,978
12,20,4,0,490
12,25,0,0,1.264
12,25,3,0,1.999
12,6,4,0,899.90
16,25,4,2,1.399
12,25,4,0,2.299
12,25,4,0,699.99
12,25,4,0,349.99
12,25,4,0,294
12,25,4,2,1.099
6,25,4,0,2.849
12,16,3,2,806
12,6,4,2,899.90
1,16,3,0,558.90
1,25,1,0,227
8,6,1,0,1.199
2,17,3,2,790
12,25,4,0,712.90
6,6,4,2,1.325
1,20,4,0,450.22
12,6,4,0,699
12,25,3,0,599.90
12,16,4,0,899.90
8,25,3,1,1.798
12,20,4,0,490
12,25,4,0,3.224
12,16,3,0,569.25
12,6,4,0,899.90
12,16,4,0,1.599
8,25,4,0,599.99
12,25,4,0,699.99
17,25,4,2,399
1,25,1,0,1.393
12,25,4,2,1.099
12,25,4,2,559.43
6,6,3,0,1.799
12,6,4,2,899.90
8,6,4,0,2.499
1,25,4,0,449.99
8,6,1,0,1.199
12,25,1,0,699.95
17,25,4,2,259.50
6,6,4,2,1.325
12,6,4,0,3.499
1,22,1,0,224.85
12,25,3,0,599.90
12,22,3,0,352.59
12,25,3,2,589
12,20,4,0,490
12,25,1,0,2.398
12,25,4,0,819
12,6,4,0,899.90
12,25,4,0,2.563
12,6,4,0,799
12,25,4,0,699.99
12,25,4,0,548.37
12,16,3,0,489.90
12,25,4,2,1.099
12,25,3,0,279
17,25,4,2,2.999
12,6,4,2,899.90
12,22,3,0,219
0,22,4,0,3.999
8,6,1,0,1.199
1,5,1,0,279
1,25,1,0,1.695
6,6,4,2,1.325
12,16,2,2,745
12,6,4,0,899.87
12,25,3,0,599.90
12,25,4,0,1.166
14,11,3,0,569.99
12,20,4,0,490
14,16,1,0,81.307
12,25,4,0,2.624
12,6,4,0,899.90
12,6,4,2,738
1,20,1,0,218.21
0,25,4,0,749.99
1,25,4,0,2.849
15,22,3,2,2.319
17,25,4,2,699.99
3,25,3,2,799
17,25,4,2,3.499
17,25,4,2,1.099
8,6,4,0,1.999
1,25,4,2,711.23
12,6,4,2,899.90
17,25,4,2,1.654
3,20,1,0,599.90
8,6,1,0,1.199
8,25,4,0,2.474
12,22,3,0,857.95
6,6,4,2,1.325
12,25,4,0,1.749
12,25,4,2,1.099
17,25,4,2,490
12,25,3,0,1.259
12,4,1,0,900
12,6,4,0,899.90
3,22,3,0,891
6,6,4,0,799.98
0,25,4,0,749.99
12,6,4,0,499.90
1,25,4,0,33.438
12,25,4,2,1.099
12,25,1,0,2.509
3,20,1,0,1.149
12,6,4,2,899.90
1,25,4,0,690
12,25,3,1,1.079
8,6,1,0,1.199
6,25,4,2,250
12,25,1,0,2.173
6,6,4,2,1.325
12,22,3,0,459.09
12,22,3,0,390.19
1,25,4,0,749.99
12,22,2,0,2.790
12,6,3,0,1.599
17,25,4,2,490
15,25,4,0,1.699
1,25,3,0,399.99
12,6,4,0,899.90
12,15,4,0,2.248
12,25,4,0,3.849
0,25,4,0,749.99
3,20,3,0,496.80
1,25,4,0,1.067
12,25,4,2,1.099
1,25,2,0,409
12,6,4,0,1.849
12,6,4,2,899.90
1,20,3,0,569
12,25,3,2,599.90
8,6,1,0,1.199
3,25,3,0,1.530
12,18,4,1,3.499
6,6,4,2,1.325
17,25,4,2,349
12,16,3,0,790
1,25,4,0,749.99
12,25,4,0,1.278
17,25,4,2,719.70
12,20,4,0,490
12,25,4,0,449
8,25,4,0,2.624
12,6,4,0,899.90
12,20,3,2,328.14
12,20,4,0,339.21
17,25,4,2,749.99
1,22,2,0,339.95
1,20,2,0,638.95
12,25,4,2,1.099
16,16,3,0,527.85
12,25,1,0,654.51
12,6,4,2,899.90
5,25,4,0,699
6,6,4,0,799.99
8,6,1,0,1.199
1,25,4,0,285
1,25,3,0,699.99
6,6,4,2,1.325
2,16,3,0,1.390
12,16,3,0,527.85
12,25,3,0,599.90
17,25,4,2,379.90
16,25,4,0,299.99
12,20,4,0,490
12,25,2,0,1.759
1,22,3,0,369.45
12,6,4,0,899.90
17,25,4,2,539
3,25,4,0,868
12,25,4,2,1.099
14,25,4,0,3.449
1,25,2,0,2.099
12,6,4,2,899.90
1,25,1,0,1.199
12,6,4,0,699.90
8,6,1,0,1.199
12,6,4,0,619.90
12,20,3,0,1.075
6,6,4,2,1.325
0,25,4,0,2.624
12,25,1,2,497
17,25,4,2,749.99
17,25,4,2,723
6,25,4,0,733.90
12,25,3,0,599.90
17,25,4,2,2.024
12,2,4,2,1.299
12,6,4,0,899.90
3,25,4,0,449
12,16,2,2,449
12,25,4,2,1.099
12,20,3,0,849
1,25,1,0,725
12,6,4,2,899.90
17,25,4,2,1.431
1,25,4,0,599.99
8,6,1,0,1.199
1,25,4,2,711.99
8,25,3,0,2.399
6,6,4,2,1.325
17,25,4,2,949.90
5,25,4,0,899.99
12,25,4,0,749.99
17,25,4,2,899.90
12,20,3,0,373
17,25,4,2,599.90
12,22,3,0,572.95
12,25,4,0,3.519
12,6,4,0,2.799
12,25,4,0,349.99
5,3,3,0,1.109
12,6,4,0,899.90
12,3,3,0,1.125
12,25,4,0,3.224
0,25,4,0,749.99
12,25,4,0,2.513
12,20,1,0,676.20
12,25,4,2,1.099
12,25,3,0,352
12,25,3,0,880
17,25,4,2,899.90
0,25,4,0,2.849
12,25,3,0,399
11,25,1,0,569.90
12,25,4,0,1.333
7,22,3,0,339
8,6,1,0,1.199
12,6,3,0,1.999
12,25,1,0,769
6,6,4,2,1.325
12,20,4,0,450.22
12,6,4,0,699.90
1,25,4,0,749.99
12,6,4,0,1.399
12,25,3,2,599.90
12,6,4,0,899.90
12,17,3,2,790
12,25,3,2,421.09
0,25,4,0,749.99
1,22,3,2,718
3,25,4,0,742.90
12,25,4,2,1.099
16,22,3,0,780
1,22,1,0,1.407
12,6,4,2,899.90
12,25,2,0,765
6,6,4,0,749.99
11,25,1,0,569.90
12,22,0,0,1.949
12,25,4,0,2.624
17,25,4,2,1.199
5,25,3,0,1.499
12,25,1,2,3.289
6,6,4,2,1.325
3,25,3,2,604
17,25,4,2,1.299
17,25,4,2,749.99
12,25,3,0,259.99
3,25,3,0,1.839
12,6,4,0,899.90
12,20,4,0,286
12,16,3,0,535
0,25,4,0,749.99
1,22,1,0,1.747
17,25,4,2,324
12,25,4,2,1.099
1,25,4,2,259.99
17,25,4,2,3.449
12,6,4,2,899.90
17,25,4,2,899.87
16,16,1,0,829
8,6,1,0,1.199
12,25,4,2,440.75
12,6,4,0,841.53
6,6,4,2,1.325
1,16,1,0,720
3,25,1,0,699.99
12,25,3,0,599.90
12,25,4,0,2.649
12,1,3,0,1.399
12,6,4,0,2.799
12,25,4,0,690
1,25,4,0,733.90
12,6,4,0,899.90
1,25,3,0,1.299
12,6,3,0,1.819
0,25,4,0,749.99
3,25,3,0,2.799
1,25,4,1,2.363
12,25,4,2,1.099
12,6,4,0,1.524
12,20,4,0,249.99
12,6,4,2,899.90
5,6,4,0,1.039
8,20,4,0,559.90
11,25,1,0,569.90
0,20,4,0,536
17,25,4,2,1.249
8,6,1,0,1.199
17,25,4,2,1.067
1,16,3,0,451
17,25,4,2,1.325
12,25,4,0,2.849
17,25,4,2,1.749
12,25,3,0,599.90
17,25,4,2,488.74
12,25,1,0,630
12,6,4,0,899.90
1,2,1,0,2.688
12,22,3,0,329.99
0,25,4,0,749.99
12,25,3,0,349.99
1,25,4,0,1.569
12,25,4,2,1.099
12,25,3,0,377.77
17,25,4,2,429
12,6,4,2,899.90
5,25,4,0,1.199
15,25,4,2,1.599
8,6,1,0,1.199
1,22,3,0,587.95
1,25,3,2,655
6,6,4,2,1.325
16,25,1,0,1.620
1,20,2,0,639.95
12,25,3,0,599.90
12,7,2,0,579.90
12,25,2,0,1.349
12,6,4,0,2.799
5,25,3,0,816
13,25,1,0,499.99
12,6,4,0,899.90
12,25,4,0,2.624
1,25,3,2,622.99
0,25,4,0,749.99
12,20,1,0,789
17,25,4,2,1.415
17,25,4,2,1.099
12,25,4,0,641.90
1,22,3,0,2.796
12,6,4,2,899.90
1,25,1,2,671.79
12,25,1,0,739.94
8,6,1,0,1.199
12,25,4,0,449.99
17,25,4,2,2.999
6,6,4,2,1.325
12,25,4,0,2.399
12,25,1,2,909.99
1,25,4,0,749.99
3,22,3,0,1.040
6,6,4,0,543.44
12,25,3,0,599.90
17,25,4,2,1.469
8,25,3,0,1.304
12,6,4,0,899.90
12,25,4,0,590
12,25,4,0,1.799
0,25,4,0,749.99
12,25,3,0,678
8,6,4,0,799.99
12,25,4,2,1.099
3,25,4,0,549.99
12,25,4,0,845
12,6,4,2,899.90
6,6,4,0,1.049
12,25,4,0,317.96
8,6,1,0,1.199
6,25,2,0,2.956
12,25,3,0,550
6,6,4,2,1.325
17,25,4,2,602.59
12,25,1,0,1.087
1,25,4,0,749.99
17,25,4,2,549.99
1,25,3,0,1.213
12,25,3,0,599.90
12,10,1,0,4.052
12,16,3,2,790
12,6,4,0,899.90
1,16,3,0,4.029
12,22,0,0,1.939
0,25,4,0,749.99
14,25,3,0,2.360
0,25,4,0,549.99
12,25,4,2,1.099
1,25,3,0,1.499
12,22,3,0,1.699
12,6,4,2,899.90
6,25,4,0,499.99
12,6,4,0,1.399
8,6,1,0,1.199
1,25,4,0,699.99
1,25,4,0,1.465
6,6,4,2,1.325
12,25,4,0,949
1,25,1,0,1.161
1,25,4,0,749.99
1,25,4,0,2.249
12,25,4,2,625.93
12,25,3,0,599.90
12,6,3,0,1.249
6,6,4,0,799.99
12,6,4,0,899.90
17,25,4,2,708
12,6,4,0,498
0,25,4,0,749.99
6,6,4,0,599.90
6,6,4,0,799
12,25,4,2,1.099
1,25,4,0,2.399
12,25,4,2,692
12,6,4,2,899.90
12,6,4,0,2.532
1,16,3,2,790
8,6,1,0,1.199
1,25,4,0,2.699
17,25,4,2,299.90
12,6,4,0,2.799
17,25,4,2,332.82
12,25,3,0,249
6,6,4,2,1.325
12,20,1,0,457
1,25,3,2,2.449
1,25,4,0,749.99
3,9,3,0,397.88
17,25,4,2,2.879
12,6,4,0,899.90
12,25,4,0,275
12,22,4,0,4.963
0,25,4,0,749.99
12,25,3,2,1.948
1,22,1,0,287.29
12,25,4,2,1.099
1,25,4,0,2.474
12,16,4,0,299
12,6,4,2,899.90
12,25,4,0,2.762
12,25,4,2,2.069
8,6,1,0,1.199
12,25,3,0,699.99
12,25,4,0,670
12,6,4,0,2.799
9,20,1,0,406.98
1,25,3,0,499.99
6,6,4,2,1.325
3,25,4,0,6.975
17,25,4,2,3.167
1,25,4,0,749.99
1,20,4,0,569.99
12,23,3,0,699.90
12,6,4,0,899.90
1,25,3,0,1.393
12,25,1,0,1.429
0,25,4,0,749.99
1,20,1,0,799
12,25,4,0,1.749
12,25,4,0,699.99
1,25,1,0,1.569
17,25,4,2,580
12,25,4,2,1.099
12,6,4,0,1.999
12,20,4,0,332.97
12,6,4,2,899.90
12,25,4,0,569.90
1,20,1,0,527
17,25,4,2,1.199
12,25,4,0,873.82
17,25,4,2,399.95
12,6,4,0,2.799
12,6,3,0,1.599
1,25,4,0,2.624
17,25,4,2,1.325
6,6,4,0,1.820
17,25,4,2,285.83
12,6,4,0,899.90
1,20,1,0,1.799
12,25,4,0,2.849
0,25,4,0,749.99
17,25,4,2,2.649
6,25,4,0,350
12,25,4,0,699.99
12,6,4,0,675
1,25,4,0,460.90
12,25,4,2,1.099
12,25,4,0,3.038
12,25,4,0,869
12,6,4,2,899.90
7,25,3,0,2.399
1,25,3,0,649.99
8,6,1,0,1.199
8,25,3,0,1.799
12,25,4,2,552.73
12,6,4,0,2.799
17,25,4,2,578
12,25,4,0,1.849
6,6,4,2,1.325
17,25,4,2,799.98
6,6,4,0,799.98
12,6,4,0,899.90
10,25,3,0,2.350
12,25,1,0,850.49
12,25,4,2,1.099
1,14,3,0,959
12,2,3,0,873
12,6,4,2,899.90
1,22,3,0,2.449
12,25,4,0,2.999
8,6,1,0,1.199
6,25,4,2,2.499
12,20,2,0,1.352
12,6,4,0,2.799
12,25,4,0,2.136
3,13,2,0,249
6,6,4,2,1.325
12,16,3,2,859
12,22,1,0,399.92
12,25,4,0,749.99
12,20,1,0,377
17,25,4,2,1.719
12,25,3,0,599.90
12,25,4,2,1.299
1,22,1,0,1.300
12,6,4,0,899.90
12,6,4,0,619.90
1,25,1,0,799.99
12,25,4,0,699.99
17,25,4,2,849.90
1,25,4,0,359
12,25,4,2,1.099
1,22,4,2,3.499
12,20,3,0,599.95
12,6,4,2,899.90
5,25,4,0,899.99
1,25,1,0,534
8,6,1,0,1.199
1,25,3,0,379.90
12,25,1,0,1.799
12,6,4,0,2.799
1,20,1,0,549
17,25,4,2,1.449
6,6,4,2,1.325
9,25,1,0,699.99
1,25,4,2,1.499
12,25,4,0,749.99
17,25,4,2,689
3,15,3,0,1.198
12,6,4,0,899.90
12,25,1,0,684.90
12,25,4,2,8.729
12,25,4,0,699.99
12,3,2,0,259
1,25,4,0,2.474
12,25,4,2,1.099
12,20,4,0,599.90
1,25,1,0,389.24
12,6,4,2,899.90
12,25,1,0,1.236
1,25,4,0,1.429
8,6,1,0,1.199
1,16,3,0,790
1,25,4,0,2.699
12,6,4,0,2.799
1,25,4,0,399
1,15,3,0,1.143
6,6,4,2,1.325
12,25,4,0,3.360
8,20,4,0,479.90
12,25,4,0,749.99
8,22,4,2,375
1,25,4,0,2.999
12,6,4,0,899.90
12,25,4,0,869
3,22,1,0,749.95
12,25,4,0,699.99
12,6,3,0,1.249
1,25,4,0,1.067
12,25,4,2,1.099
12,6,4,2,799.99
12,25,4,0,2.670
17,25,4,2,899.90
12,25,1,0,1.411
12,25,3,0,1.890
8,6,1,0,1.199
12,25,1,0,2.399
8,22,3,0,597.98
12,6,4,0,2.799
16,25,1,0,1.642
12,6,2,2,5.055
6,6,4,2,1.325
12,25,4,0,359.90
0,25,1,0,2.399
12,25,4,0,749.99
1,25,1,0,608.85
1,22,3,2,2.299
12,6,4,0,899.90
12,22,1,0,1.110
12,25,4,2,6.222
17,25,4,2,749.99
1,5,1,0,799.90
12,20,3,0,489.90
12,25,4,0,699.99
12,25,1,0,299.99
17,25,4,2,8.681
12,25,4,2,1.099
1,25,4,0,1.125
1,25,3,0,1.238
12,6,4,2,899.90
3,25,4,0,2.380
12,6,4,0,899.87
11,25,1,0,569.90
12,25,1,0,499.99
16,16,3,0,527.85
8,6,1,0,1.199
12,25,4,0,3.486
16,25,3,0,1.642
17,25,4,2,2.799
12,25,3,0,1.210
5,25,4,0,858.77
12,6,4,0,899.90
12,6,4,0,999.87
12,22,3,0,589
0,25,4,0,749.99
3,25,4,0,3.529
12,25,4,0,2.699
12,25,4,2,1.099
12,25,4,0,1.605
5,25,3,0,1.999
12,6,4,2,899.90
3,25,3,0,649.99
1,25,4,0,179.99
11,25,1,0,569.90
1,1,3,0,1.159
12,25,4,0,1.784
8,6,1,0,1.199
14,22,3,0,401.58
12,21,4,0,309
17,25,4,2,2.799
12,23,3,2,599.90
12,6,4,0,3.999
6,6,4,2,1.325
8,25,3,2,1.669
12,6,1,0,1.299
12,6,4,0,899.90
1,25,4,0,2.399
8,25,4,0,3.374
0,25,4,0,749.99
12,25,4,0,6.702
1,22,3,2,2.689
12,25,4,2,1.099
12,25,4,0,2.499
12,25,4,0,2.199
12,6,4,2,899.90
12,25,3,0,2.899
1,20,1,0,379.35
11,25,1,0,569.90
12,25,4,0,1.499
6,16,4,0,365
8,6,1,0,1.199
12,22,2,2,780.86
5,25,4,2,1.999
12,6,4,0,2.799
12,25,4,2,48.500
12,6,4,0,1.039
6,6,4,2,1.325
8,25,1,0,347.61
17,25,4,2,1.999
12,6,4,0,899.90
12,25,4,0,1.399
12,6,4,0,2.499
0,25,4,0,749.99
8,6,4,0,759.99
1,20,1,0,359
12,25,4,2,1.099
12,6,3,0,1.039
17,25,4,2,1.549
12,6,4,2,899.90
17,25,4,2,460
12,6,4,0,3.499
11,25,1,0,569.90
3,25,4,0,1.199
12,25,3,0,549.90
8,6,1,0,1.199
12,25,4,0,909.95
12,25,4,0,299.99
12,6,4,0,2.799
6,6,4,0,1.549
1,22,3,0,2.899
6,6,4,2,1.325
12,22,3,0,1.469
12,25,4,0,2.474
12,6,4,0,899.90
10,22,3,0,880
12,25,1,0,1.749
0,25,4,0,749.99
12,6,4,2,499.90
1,25,3,0,1.799
12,25,4,2,1.099
12,6,4,0,999.99
12,25,1,2,2.820
12,6,4,2,899.90
8,6,4,0,1.499
1,20,1,0,469
8,6,1,0,1.199
1,25,4,0,2.624
1,25,4,0,2.399
12,6,4,0,2.799
1,20,0,0,399.96
6,16,3,2,527
6,6,4,2,1.325
5,6,4,2,924.97
1,25,4,0,1.079
12,25,3,0,599.90
1,12,0,0,499
3,25,3,2,1.232
12,6,4,0,899.90
12,25,1,0,1.499
17,25,4,2,578.44
0,25,4,0,749.99
8,25,3,0,853.37
12,25,4,0,1.790
17,25,4,2,1.099
17,25,4,2,2.136
7,16,1,0,381.73
12,6,4,2,899.90
3,25,4,0,2.999
3,6,4,0,1.999
11,25,1,0,569.90
12,6,1,0,5.212
1,25,3,0,299.99
8,6,1,0,1.199
12,20,3,0,398.98
12,6,4,0,1.799
12,6,4,0,2.799
5,6,3,0,1.099
6,6,4,0,799.90
6,6,4,2,1.325
1,25,1,0,1.469
12,23,1,0,379.90
12,6,4,0,899.90
8,25,4,0,3.315
12,25,4,2,999
0,25,4,0,749.99
1,4,1,0,900
17,25,4,2,394.13
12,25,4,2,1.099
12,25,3,0,2.639
5,25,4,0,699.99
12,6,4,2,899.90
16,25,3,2,699
8,25,4,0,3.749
11,25,1,0,569.90
17,25,4,2,899.90
17,25,4,2,1.813
8,6,1,0,1.199
12,22,3,2,699.99
6,25,4,0,278.80
12,6,4,0,2.799
12,25,1,0,1.290
4,25,4,0,2.700
17,25,4,2,1.325
8,6,4,0,709.38
11,25,4,0,2.879
12,6,4,0,899.90
1,25,3,0,644.88
12,25,4,0,2.400
0,25,4,0,749.99
12,6,4,0,2.599
6,25,4,0,3.519
12,25,4,2,1.099
17,25,4,2,783.02
12,22,3,0,499.90
12,6,4,2,899.90
12,14,3,0,699.90
1,22,3,0,1.499
8,6,1,0,1.199
12,25,3,0,1.092
6,6,4,0,899.90
17,25,4,2,2.799
12,20,1,0,527
3,25,4,0,3.292
6,6,4,2,1.325
12,16,4,2,799.90
12,15,3,0,1.358
12,25,3,0,599.90
5,25,3,0,3.149
1,25,4,0,2.664
12,6,4,0,899.90
5,6,3,0,799.99
17,25,4,2,799.90
17,25,4,2,749.99
8,25,4,0,999.99
3,0,3,0,591
12,25,4,2,1.099
1,20,1,0,203.11
8,25,4,0,499.99
12,6,4,2,899.90
12,20,4,0,414
12,25,1,0,3.349
11,25,1,0,569.90
5,25,4,0,599.99
8,6,1,0,1.199
1,20,1,2,789
1,21,1,0,4.138
12,6,4,0,2.799
12,25,4,0,1.099
12,25,3,0,1.498
6,6,4,2,1.325
1,25,4,0,1.369
3,25,2,2,899
1,25,3,2,450
12,6,4,0,899.90
1,22,3,2,2.689
17,25,4,2,569.90
0,25,4,0,749.99
17,25,4,2,1.415
12,22,0,0,4.399
17,25,4,2,1.099
9,25,4,0,3.749
1,25,4,0,229.90
12,6,4,2,899.90
12,6,4,0,829.90
12,22,3,0,507.15
11,25,1,0,569.90
6,6,4,0,699.91
12,25,4,0,1.300
8,6,1,0,1.199
12,22,3,2,3.000
17,25,4,2,712.90
12,6,4,0,2.799
5,25,4,0,1.699
17,25,4,2,410
6,6,4,2,1.325
17,25,4,2,1.190
6,25,3,0,803.90
12,6,4,0,899.90
9,6,3,0,2.199
12,6,4,0,649.99
0,25,4,0,749.99
1,20,3,0,569
6,25,1,1,2.989
12,25,4,2,1.099
0,25,4,0,2.399
1,25,3,2,367.24
12,6,4,2,899.90
12,6,4,0,2.699
12,25,1,0,347.61
11,25,1,0,569.90
17,25,4,2,1.499
12,22,4,2,3.289
8,6,1,0,1.199
12,25,4,0,3.499
1,20,3,0,329.99
12,6,4,0,2.799
12,6,4,0,449.90
3,22,2,0,399.95
6,6,4,2,1.325
8,1,3,0,1.399
12,6,4,0,718.62
12,6,4,0,899.90
12,25,1,2,1.999
17,25,4,2,3.234
0,25,4,0,749.99
12,20,3,0,551
12,25,4,0,2.879
12,25,4,2,1.099
1,25,4,0,1.999
3,25,4,2,617.92
17,25,4,2,899.90
12,6,4,0,917.16
12,25,1,0,1.199
8,6,1,0,1.199
12,6,4,0,4.799
8,7,1,0,508.58
12,6,4,0,2.799
12,25,4,0,2.399
12,25,3,0,4.849
6,6,4,2,1.325
12,25,4,0,800
12,25,4,0,1.199
12,1,3,0,1.999
17,25,4,2,2.478
6,6,4,1,1.999
12,6,4,0,899.90
12,25,1,0,329.99
16,25,3,0,1.464
17,25,4,2,749.99
17,25,4,2,899.90
12,20,1,0,234.21
12,25,4,2,1.099
12,25,4,2,799.90
12,20,3,2,489.99
12,6,4,2,899.90
12,23,3,0,369.90
12,25,2,2,1.312
8,6,1,0,1.199
17,25,4,2,2.499
17,25,4,2,999
12,6,4,0,2.799
3,25,3,0,1.725
1,25,1,0,1.955
6,6,4,2,1.325
9,25,4,0,2.500
12,16,2,2,899.90
1,25,4,0,749.99
12,20,3,0,499.99
1,25,3,0,479
12,6,4,0,899.90
12,25,4,0,3.219
1,20,1,0,349.90
0,25,4,0,749.99
6,25,4,0,899.99
12,6,3,0,1.999
12,25,4,2,1.099
8,6,3,0,3.999
6,25,4,0,5.747
12,6,4,2,899.90
12,25,3,0,1.214
12,25,4,0,11.083
17,25,4,2,1.199
5,25,3,2,354.90
16,25,4,0,2.849
17,25,4,2,2.799
5,25,4,0,1.099
6,25,3,0,3.299
6,6,4,2,1.325
1,25,4,0,2.624
8,6,4,0,2.672
12,1,3,0,1.999
1,25,3,0,1.574
1,22,1,0,1.650
12,6,4,0,899.90
17,25,4,2,1.079
12,25,1,2,449
12,25,4,2,1.099
12,22,1,0,2.799
12,6,4,0,1.695
12,6,4,2,899.90
1,9,3,0,589
12,6,4,0,2.799
8,6,1,0,1.199
1,20,3,2,429.99
12,6,3,0,1.599
12,15,4,0,1.819
12,25,1,2,1.520
6,6,4,2,1.325
12,12,1,0,425
12,25,4,0,811.99
12,25,4,0,749.99
1,24,1,0,371
12,25,1,0,965
12,25,3,0,599.90
8,6,4,0,679.90
